id,date,timeIn,timeOut,Duration,reason,classification,staff,comments,PID,hasPID,firstTime,heard_about_al_through
371,9/3/21,13:35:00,13:47:00,0:12:00,Web-based survey,project/workshop/staff,Lasya,"Issue with heroku deployment, had a 404 error in regards to finding a file, realized import statement had the wrong path, works now!",0,FALSE,FALSE,
390,9/9/21,12:41:00,18:14:00,5:33:00,work,work/study/hang,,set up her mac computer to do dev work on a monitor,0,FALSE,FALSE,
399,9/10/21,14:57:00,16:23:00,1:26:00,work,work/study/hang,Lia,"She had a problem accessing a key for a backend code, and the mac key access wasnt accepting the code she was trying to import, I couldnt figure out what was the issue.
I tried to access security from terminal but that didnt work either.",0,FALSE,FALSE,
510,10/7/21,11:41:00,12:47:00,1:06:00,work,work/study/hang,,,0,FALSE,FALSE,
574,10/15/21,10:58:00,12:00:00,1:02:00,work,work/study/hang,,,1,FALSE,FALSE,
866,2/8/22,13:09:00,13:45:00,0:36:00,Web-based application,project/workshop/staff,Nate,"Needs help with routing and pre-populating urls with specific user survey generation (trying to automate the process) - javascript, express backend (heroku postgresql database)",1,FALSE,FALSE,
873,2/8/22,15:57:00,17:08:00,1:11:00,Web-based survey,project/workshop/staff,,,1,FALSE,FALSE,
365,9/2/21,14:22:00,16:45:00,2:23:00,crushing some DFA,work/study/hang,,,714264862,TRUE,FALSE,
370,9/3/21,13:11:00,17:00:00,3:49:00,coding up a storm my friend,project/workshop/staff,,,714264862,TRUE,FALSE,
444,9/21/21,17:37:00,19:00:00,1:23:00,class work but it's an app!,work/study/hang,Daniel,,714264862,TRUE,FALSE,
448,9/22/21,12:35:00,13:35:00,1:00:00,work,work/study/hang,,,714264862,TRUE,FALSE,
452,9/22/21,16:53:00,17:36:00,0:43:00,work,work/study/hang,,,714264862,TRUE,FALSE,
463,9/27/21,11:11:00,12:34:00,1:23:00,work,work/study/hang,,,714264862,TRUE,FALSE,
474,9/28/21,14:21:00,17:10:00,2:49:00,work,work/study/hang,,,714264862,TRUE,FALSE,
483,9/28/21,17:54:00,19:00:00,1:06:00,working,work/study/hang,,,714264862,TRUE,FALSE,
486,9/29/21,16:52:00,18:52:00,2:00:00,study,work/study/hang,,,714264862,TRUE,FALSE,
488,9/30/21,14:53:00,16:07:00,1:14:00,work,work/study/hang,,,714264862,TRUE,FALSE,
521,10/8/21,14:24:00,17:12:00,2:48:00,apps,project/workshop/staff,,,714264862,TRUE,FALSE,
523,10/8/21,18:22:00,19:00:00,0:38:00,apps,project/workshop/staff,,,714264862,TRUE,FALSE,
569,10/14/21,15:30:00,18:53:00,3:23:00,ula autograder,project/workshop/staff,,,714264862,TRUE,FALSE,
717,11/16/21,11:22:00,13:20:00,1:58:00,work,work/study/hang,,,720310905,TRUE,TRUE,Poster
480,9/28/21,15:40:00,15:43:00,0:03:00,Curious,tour,,,730076911,TRUE,TRUE,Poster
588,10/18/21,18:18:00,18:55:00,0:37:00,website help,project/workshop/staff,,,730079895,TRUE,TRUE,Friend
464,9/27/21,11:28:00,12:31:00,1:03:00,Using the android,project/workshop/staff,,,730148808,TRUE,FALSE,
605,10/25/21,14:45:00,16:00:00,1:15:00,Using the android,project/workshop/staff,,,730148808,TRUE,FALSE,
1018,3/3/22,13:30:00,13:45:00,0:15:00,study,work/study/hang,,,730148808,TRUE,FALSE,
384,9/8/21,12:22:00,12:29:00,0:07:00,Intros and Project Ideas,project/workshop/staff,Lasya,"Has an idea about emissions gps, wanted to know how to get started and get help, showed him our website, slack, and project ideas board",730155204,TRUE,TRUE,Other
577,10/15/21,13:45:00,14:25:00,0:40:00,nginx,project/workshop/staff,Lasya,"Trying to resolve bad gateway issue on nginx, local build works fine --> memory issue for deployment on openshift, put in request for more memory with ITS",730166976,TRUE,FALSE,
520,10/8/21,11:32:00,11:49:00,0:17:00,Visiting my boy,project/workshop/staff,,,730205626,TRUE,FALSE,
387,9/8/21,14:37:00,15:21:00,0:44:00,work,work/study/hang,Daniel,,730210643,TRUE,TRUE,Friend
420,9/15/21,14:43:00,15:22:00,0:39:00,work,work/study/hang,,,730210643,TRUE,FALSE,
450,9/22/21,14:42:00,14:58:00,0:16:00,working,work/study/hang,,,730210643,TRUE,FALSE,
528,10/13/21,14:39:00,14:52:00,0:13:00,comp523,work/study/hang,,,730210643,TRUE,FALSE,
658,11/3/21,14:32:00,14:49:00,0:17:00,523,work/study/hang,,,730210643,TRUE,FALSE,
859,2/7/22,13:52:00,14:50:00,0:58:00,work,work/study/hang,,,730227721,TRUE,FALSE,
867,2/8/22,15:19:00,16:31:00,1:12:00,work,work/study/hang,,,730227721,TRUE,FALSE,
915,2/17/22,15:39:00,18:02:00,2:23:00,study,work/study/hang,,,730227721,TRUE,FALSE,
972,3/1/22,15:25:00,16:30:00,1:05:00,working,work/study/hang,,,730227721,TRUE,FALSE,
1126,4/5/22,15:34:00,15:59:00,0:25:00,study,work/study/hang,,,730227721,TRUE,FALSE,
1173,4/25/22,12:47:00,15:32:00,2:45:00,study,work/study/hang,,,730227721,TRUE,FALSE,
531,10/14/21,11:36:00,13:05:00,1:29:00,react native help,work/study/hang,"Nate, Lasya","COMP 523 
TextInput Box
Helped him with some React Native for his app - might stop by later for more help",730229034,TRUE,TRUE,Class Announcement
593,10/19/21,14:52:00,15:26:00,0:34:00,expo go,work/study/hang,,,730229034,TRUE,FALSE,
692,11/8/21,17:26:00,18:23:00,0:57:00,interfacing with HTTP requests,work/study/hang,,,730229034,TRUE,FALSE,
1178,4/26/22,17:11:00,0:00:00,6:49:00,help with css in react native,work/study/hang,,,730229034,TRUE,FALSE,
475,9/28/21,15:06:00,15:55:00,0:49:00,study,work/study/hang,,,730230973,TRUE,FALSE,
688,11/8/21,14:35:00,18:36:00,4:01:00,COMP 523 assignment,work/study/hang,Nate,Cypress instrumentation + Heroku build help,730231233,TRUE,TRUE,Class Announcement
598,10/19/21,15:20:00,16:56:00,1:36:00,deploying app,project/workshop/staff,Daniel,"Helped her compile a react native app to android, would suggest for her to switch to expo if they come back in the future",730234805,TRUE,FALSE,
394,9/9/21,16:53:00,17:59:00,1:06:00,stor 120 help,work/study/hang,Lasya,Needed help with python to get data from a table,730235011,TRUE,TRUE,Friend
418,9/15/21,12:59:00,15:42:00,2:43:00,stor 120 help with python coding,work/study/hang,Nate,,730235011,TRUE,FALSE,
423,9/16/21,14:21:00,15:12:00,0:51:00,stor 120,work/study/hang,Daniel,Wanted help with a STOR exam,730235011,TRUE,FALSE,
429,9/16/21,18:17:00,18:53:00,0:36:00,stor 120,work/study/hang,,,730235011,TRUE,FALSE,
447,9/22/21,12:31:00,13:40:00,1:09:00,stor 120 - python help,work/study/hang,Nate,,730235011,TRUE,FALSE,
466,9/27/21,12:26:00,12:32:00,0:06:00,stor 120,work/study/hang,Lasya,Unrolling a for loop - just needed to understand how for loops worked,730235011,TRUE,FALSE,
620,10/27/21,15:25:00,15:42:00,0:17:00,hw,work/study/hang,,,730235011,TRUE,FALSE,
618,10/27/21,12:50:00,13:15:00,0:25:00,stor 120,work/study/hang,Nate,python help,730235011,TRUE,FALSE,
395,9/9/21,17:28:00,18:07:00,0:39:00,work for 475,work/study/hang,,,730235780,TRUE,FALSE,
1035,3/8/22,15:18:00,16:20:00,1:02:00,Firebase workshop,project/workshop/staff,,,730236605,TRUE,FALSE,
1053,3/22/22,15:23:00,16:15:00,0:52:00,Firestore with node.js,project/workshop/staff,,,730236605,TRUE,FALSE,
424,9/16/21,14:45:00,16:40:00,1:55:00,App setup help,work/study/hang,Daniel,working on getting an android app running for 523,730237783,TRUE,TRUE,Class Announcement
602,10/20/21,14:35:00,15:36:00,1:01:00,Using android phone,project/workshop/staff,,,730237783,TRUE,FALSE,
663,11/3/21,15:12:00,17:32:00,2:20:00,App test help,project/workshop/staff,,,730237783,TRUE,FALSE,
419,9/15/21,14:42:00,15:24:00,0:42:00,metting,work/study/hang,,,730241962,FALSE,FALSE,
386,9/8/21,14:37:00,15:40:00,1:03:00,work,work/study/hang,,,730241962,TRUE,TRUE,Friend
451,9/22/21,14:43:00,15:23:00,0:40:00,comp5233 team meeting,work/study/hang,,,730241962,TRUE,FALSE,
506,10/6/21,14:44:00,15:07:00,0:23:00,comp523,work/study/hang,,,730241962,TRUE,FALSE,
527,10/13/21,14:39:00,16:24:00,1:45:00,comp523,work/study/hang,,,730241962,TRUE,FALSE,
600,10/20/21,14:33:00,15:42:00,1:09:00,comp523,work/study/hang,,,730241962,TRUE,FALSE,
619,10/27/21,14:35:00,15:10:00,0:35:00,comp523,work/study/hang,,,730241962,TRUE,FALSE,
657,11/3/21,14:32:00,14:49:00,0:17:00,comp523,work/study/hang,,,730241962,TRUE,FALSE,
763,12/1/21,14:33:00,15:28:00,0:55:00,comp523,work/study/hang,,,730241962,TRUE,FALSE,
773,1/10/22,11:42:00,14:20:00,2:38:00,study,work/study/hang,,,730241969,TRUE,TRUE,Flyer
875,2/8/22,16:10:00,17:58:00,1:48:00,app work,project/workshop/staff,,,730241969,TRUE,FALSE,
888,2/14/22,12:52:00,14:29:00,1:37:00,work,work/study/hang,,,730241969,TRUE,FALSE,
971,3/1/22,15:23:00,17:14:00,1:51:00,work,work/study/hang,,,730241969,TRUE,FALSE,
381,9/7/21,16:57:00,19:00:00,2:03:00,work study,work/study/hang,,,730242126,TRUE,FALSE,
565,10/14/21,14:26:00,16:00:00,1:34:00,work,work/study/hang,Daniel,,730243507,TRUE,TRUE,Class Announcement
644,11/1/21,14:08:00,18:15:00,4:07:00,Work on 523 app,work/study/hang,,,730243507,TRUE,FALSE,
728,11/17/21,15:23:00,15:49:00,0:26:00,work,work/study/hang,Daniel,Helping figure out some code for an electronics project,730244408,TRUE,TRUE,Friend
639,10/29/21,14:34:00,16:15:00,1:41:00,study,work/study/hang,,,730244451,TRUE,FALSE,
1038,3/8/22,15:28:00,16:19:00,0:51:00,workshop,project/workshop/staff,,,730244924,TRUE,TRUE,Email (Class)
636,10/29/21,12:15:00,17:58:00,5:43:00,Find help with our comp 523 app,work/study/hang,,,730246922,TRUE,TRUE,Poster
660,11/3/21,14:55:00,15:27:00,0:32:00,help,work/study/hang,,,730246922,TRUE,FALSE,
764,12/1/21,15:02:00,16:47:00,1:45:00,deploy,project/workshop/staff,,,730246922,TRUE,FALSE,
362,9/1/21,14:22:00,14:43:00,0:21:00,checking stuff out,tour,,,730248182,TRUE,TRUE,Poster
364,9/2/21,12:30:00,13:41:00,1:11:00,app work,project/workshop/staff,,,730248182,TRUE,FALSE,
373,9/3/21,17:48:00,19:04:00,1:16:00,App stuff,project/workshop/staff,,,730248182,TRUE,FALSE,
380,9/7/21,16:41:00,16:42:00,0:01:00,app work,project/workshop/staff,,,730248182,TRUE,FALSE,
385,9/8/21,14:33:00,16:32:00,1:59:00,w,work/study/hang,,,730248182,TRUE,FALSE,
389,9/9/21,12:19:00,14:00:00,1:41:00,d,project/workshop/staff,Nate,set up personal mac computer to do dev work - request for bigger monitor and/or mouse and keypad to work at a different station,730248182,TRUE,FALSE,
401,9/10/21,15:45:00,18:02:00,2:17:00,app work - mac development,project/workshop/staff,Nate,,730248182,TRUE,FALSE,
402,9/13/21,14:20:00,17:11:00,2:51:00,app work - mac development,project/workshop/staff,Nate,,730248182,TRUE,FALSE,
408,9/14/21,12:35:00,13:57:00,1:22:00,app work - mac development,project/workshop/staff,Nate,,730248182,TRUE,FALSE,
431,9/17/21,17:58:00,19:06:00,1:08:00,app work,project/workshop/staff,,,730248182,TRUE,FALSE,
455,9/23/21,12:37:00,13:53:00,1:16:00,app work,project/workshop/staff,Nate,,730248182,TRUE,FALSE,
468,9/27/21,15:03:00,16:10:00,1:07:00,app wkr,project/workshop/staff,Nate,internet went down ~4 pm so he left,730248182,TRUE,FALSE,
512,10/7/21,12:20:00,13:57:00,1:37:00,i take the 5th,work/study/hang,Nate,,730248182,TRUE,FALSE,
671,11/4/21,12:40:00,13:59:00,1:19:00,stuff,work/study/hang,,,730248182,TRUE,FALSE,
640,10/29/21,15:15:00,16:15:00,1:00:00,help with semester project,work/study/hang,,,730248510,TRUE,TRUE,Other
643,11/1/21,13:36:00,14:55:00,1:19:00,comp523,work/study/hang,,,730248510,TRUE,FALSE,
638,10/29/21,12:16:00,17:58:00,5:42:00,ask for help,project/workshop/staff,,,730248822,TRUE,TRUE,Class Announcement
659,11/3/21,14:55:00,15:27:00,0:32:00,for help,work/study/hang,,,730248822,TRUE,FALSE,
766,12/1/21,15:02:00,16:47:00,1:45:00,study,work/study/hang,,,730248822,TRUE,FALSE,
665,11/3/21,17:06:00,18:00:00,0:54:00,other,work/study/hang,Nate,comp 523,730267655,TRUE,FALSE,
459,9/24/21,12:00:00,13:19:00,1:19:00,Adding a guest login option to my app,project/workshop/staff,Lasya,"Added button to screen, and started working on controlling navigation - weren't able to finish and said he would come back later",730270035,TRUE,FALSE,
465,9/27/21,12:02:00,12:34:00,0:32:00,Seeking guidance to fix a functionality and navigation add,project/workshop/staff,,,730270035,TRUE,FALSE,
494,10/1/21,11:13:00,12:01:00,0:48:00,Seeking guidance to fix a functionality and navigation add,project/workshop/staff,,,730270035,TRUE,FALSE,
576,10/15/21,12:25:00,13:23:00,0:58:00,Seeking guidance to export app to iOS environment,project/workshop/staff,Lasya,"Set up account on Mac, working with issues on Github to create code repository",730270035,TRUE,FALSE,
697,11/9/21,15:42:00,16:25:00,0:43:00,charger,tour,,,730270814,TRUE,FALSE,
579,10/15/21,15:32:00,18:03:00,2:31:00,app work,project/workshop/staff,,,730276987,TRUE,TRUE,Class Announcement
583,10/18/21,15:11:00,16:02:00,0:51:00,study,work/study/hang,"Felipe, Nate",comp 523 - docker failing deployment on aws beanstalk,730277167,TRUE,TRUE,Class Announcement
661,11/3/21,14:56:00,15:27:00,0:31:00,study,work/study/hang,,,730279114,TRUE,FALSE,
637,10/29/21,12:16:00,17:58:00,5:42:00,app work,project/workshop/staff,,,730279114,TRUE,FALSE,
765,12/1/21,15:02:00,15:35:00,0:33:00,study,work/study/hang,,,730279114,TRUE,FALSE,
683,11/5/21,12:42:00,13:07:00,0:25:00,React native app,project/workshop/staff,Lasya,"Had an issue with npm install on react native
Permission error (root was the owner of package-lock.json instead of $USER)
Changed permissions/ownership on file, and installations worked",730281199,TRUE,FALSE,
846,2/3/22,15:24:00,18:05:00,2:41:00,work,work/study/hang,,,730295180,TRUE,TRUE,Friend
758,11/30/21,15:39:00,17:02:00,1:23:00,work,work/study/hang,,,730305302,TRUE,FALSE,
769,12/1/21,15:24:00,17:03:00,1:39:00,work,work/study/hang,,,730305302,TRUE,FALSE,
624,10/28/21,12:23:00,13:45:00,1:22:00,study,work/study/hang,,,730308608,TRUE,TRUE,Friend
651,11/2/21,16:18:00,18:15:00,1:57:00,work,work/study/hang,,,730308608,TRUE,FALSE,
647,11/2/21,12:16:00,13:08:00,0:52:00,work,work/study/hang,,,730308608,TRUE,FALSE,
655,11/3/21,12:14:00,13:21:00,1:07:00,study,work/study/hang,,,730308608,TRUE,FALSE,
693,11/9/21,12:19:00,13:17:00,0:58:00,study,work/study/hang,,,730308608,TRUE,FALSE,
698,11/11/21,12:16:00,13:12:00,0:56:00,study,work/study/hang,,,730308608,TRUE,FALSE,
751,11/30/21,12:03:00,13:45:00,1:42:00,study,work/study/hang,,,730308608,TRUE,FALSE,
784,1/12/22,13:23:00,14:22:00,0:59:00,study,work/study/hang,,,730308608,TRUE,FALSE,
820,1/26/22,15:27:00,17:11:00,1:44:00,working,work/study/hang,,,730308608,TRUE,FALSE,
1030,3/7/22,15:27:00,16:26:00,0:59:00,work,work/study/hang,,,730308608,TRUE,FALSE,
1011,3/2/22,12:35:00,13:41:00,1:06:00,CS Homework,work/study/hang,,,730311028,TRUE,TRUE,Friend
954,2/25/22,15:25:00,15:40:00,0:15:00,app,project/workshop/staff,Daniel,,730312903,TRUE,FALSE,
910,2/16/22,14:34:00,14:56:00,0:22:00,react,project/workshop/staff,,,730315020,TRUE,TRUE,Email (Club)
1149,4/13/22,14:30:00,14:57:00,0:27:00,app,project/workshop/staff,,,730315020,TRUE,FALSE,
770,12/15/21,15:25:00,16:20:00,0:55:00,Work,work/study/hang,,,730316856,TRUE,TRUE,Friend
771,12/29/21,15:38:00,18:21:00,2:43:00,work,work/study/hang,,,730316856,TRUE,FALSE,
772,1/6/22,13:45:00,14:21:00,0:36:00,work,work/study/hang,,,730316856,TRUE,FALSE,
953,2/25/22,14:55:00,15:39:00,0:44:00,project,project/workshop/staff,Daniel,Working on a project integrating with google maps to show local points of interest,730317164,TRUE,TRUE,CS Newsletter
397,9/9/21,18:17:00,18:57:00,0:40:00,felipe,project/workshop/staff,Felipe,,730318278,TRUE,TRUE,Friend
410,9/14/21,15:22:00,15:51:00,0:29:00,work,work/study/hang,Felipe,,730318278,TRUE,FALSE,
427,9/16/21,15:53:00,18:02:00,2:09:00,work,work/study/hang,,,730318278,TRUE,FALSE,
442,9/21/21,16:24:00,16:56:00,0:32:00,work,work/study/hang,,,730318278,TRUE,FALSE,
462,9/24/21,17:57:00,19:00:00,1:03:00,work,work/study/hang,Felipe,,730318278,TRUE,FALSE,
478,9/28/21,15:24:00,17:57:00,2:33:00,Work,work/study/hang,,,730318278,TRUE,FALSE,
492,9/30/21,16:04:00,16:54:00,0:50:00,work,work/study/hang,Felipe,,730318278,TRUE,FALSE,
502,10/5/21,16:09:00,16:58:00,0:49:00,work,work/study/hang,,,730318278,TRUE,FALSE,
515,10/7/21,14:27:00,15:31:00,1:04:00,work,work/study/hang,,,730318278,TRUE,FALSE,
572,10/14/21,16:54:00,20:36:00,3:42:00,work,work/study/hang,,,730318278,TRUE,FALSE,
594,10/19/21,14:59:00,17:00:00,2:01:00,work,work/study/hang,,,730318278,TRUE,FALSE,
609,10/26/21,12:17:00,14:12:00,1:55:00,work,work/study/hang,,,730318278,TRUE,FALSE,
616,10/26/21,17:54:00,18:09:00,0:15:00,work,work/study/hang,,,730318278,TRUE,FALSE,
628,10/28/21,12:38:00,14:20:00,1:42:00,work,work/study/hang,,,730318278,TRUE,FALSE,
654,11/2/21,16:53:00,18:10:00,1:17:00,work,work/study/hang,,,730318278,TRUE,FALSE,
673,11/4/21,13:47:00,16:19:00,2:32:00,work,work/study/hang,,,730318278,TRUE,FALSE,
722,11/16/21,16:02:00,17:46:00,1:44:00,work,work/study/hang,,,730318278,TRUE,FALSE,
738,11/18/21,16:29:00,16:50:00,0:21:00,work,work/study/hang,,,730318278,TRUE,FALSE,
757,11/30/21,14:40:00,15:12:00,0:32:00,work,work/study/hang,,,730318278,TRUE,FALSE,
759,11/30/21,16:06:00,18:16:00,2:10:00,work,work/study/hang,,,730318278,TRUE,FALSE,
762,12/1/21,12:22:00,14:38:00,2:16:00,work,work/study/hang,,,730318278,TRUE,FALSE,
767,12/1/21,15:04:00,15:36:00,0:32:00,work,work/study/hang,,,730318278,TRUE,FALSE,
777,1/10/22,16:44:00,18:24:00,1:40:00,work,work/study/hang,,,730318278,TRUE,FALSE,
836,1/31/22,16:10:00,18:02:00,1:52:00,work,work/study/hang,,,730318278,TRUE,FALSE,
844,2/2/22,16:45:00,18:29:00,1:44:00,work,work/study/hang,,,730318278,TRUE,FALSE,
967,2/28/22,16:08:00,16:54:00,0:46:00,study,work/study/hang,,,730318278,TRUE,FALSE,
1024,3/6/22,16:04:00,20:23:00,4:19:00,work,work/study/hang,,,730318278,TRUE,FALSE,
1060,3/27/22,13:03:00,17:33:00,4:30:00,app team,club,,,730318278,TRUE,FALSE,
1064,3/28/22,15:59:00,19:34:00,3:35:00,apps,project/workshop/staff,,,730318278,TRUE,FALSE,
1136,4/10/22,14:58:00,20:00:00,5:02:00,project,project/workshop/staff,,,730318278,TRUE,FALSE,
1172,4/22/22,16:22:00,17:34:00,1:12:00,hanging out,work/study/hang,,,730318278,TRUE,FALSE,
504,10/5/21,16:33:00,16:58:00,0:25:00,apps,project/workshop/staff,,,730319050,TRUE,FALSE,
526,10/13/21,13:25:00,13:50:00,0:25:00,work,work/study/hang,,,730319552,TRUE,TRUE,Friend
625,10/28/21,12:24:00,14:19:00,1:55:00,woork,work/study/hang,,,730319552,TRUE,FALSE,
685,11/7/21,12:07:00,18:36:00,6:29:00,work,work/study/hang,,,730319552,TRUE,FALSE,
948,2/24/22,16:07:00,16:39:00,0:32:00,workkkk,work/study/hang,,,730319552,TRUE,FALSE,
1058,3/27/22,13:02:00,17:07:00,4:05:00,work,work/study/hang,,,730319552,TRUE,FALSE,
1081,3/31/22,14:04:00,17:16:00,3:12:00,work,work/study/hang,,,730319552,TRUE,FALSE,
1118,4/4/22,12:34:00,16:01:00,3:27:00,work,work/study/hang,,,730319552,TRUE,FALSE,
1140,4/10/22,15:18:00,19:15:00,3:57:00,work,work/study/hang,,,730319552,TRUE,FALSE,
1179,4/26/22,17:35:00,18:32:00,0:57:00,work,work/study/hang,,,730319552,TRUE,FALSE,
1025,3/6/22,16:05:00,20:23:00,4:18:00,work,work/study/hang,,,730319552,TRUE,FALSE,
376,9/7/21,15:12:00,18:18:00,3:06:00,Meeting with someone for Terrell work-study,work/study/hang,,,730320402,TRUE,FALSE,
391,9/9/21,15:24:00,18:07:00,2:43:00,work,work/study/hang,,,730320402,TRUE,FALSE,
426,9/16/21,15:51:00,18:48:00,2:57:00,work,work/study/hang,,,730320402,TRUE,FALSE,
446,9/21/21,17:55:00,19:00:00,1:05:00,wertyui,project/workshop/staff,,,730320402,TRUE,FALSE,
438,9/21/21,15:29:00,16:34:00,1:05:00,working,work/study/hang,,,730320402,TRUE,FALSE,
457,9/23/21,15:23:00,18:58:00,3:35:00,jeff,project/workshop/staff,,,730320402,TRUE,FALSE,
471,9/27/21,17:42:00,19:05:00,1:23:00,work study,work/study/hang,,,730320402,TRUE,FALSE,
489,9/30/21,15:23:00,19:09:00,3:46:00,work,work/study/hang,,,730320402,TRUE,FALSE,
505,10/6/21,12:35:00,12:50:00,0:15:00,work,work/study/hang,,,730320402,TRUE,FALSE,
508,10/6/21,17:37:00,19:00:00,1:23:00,work,work/study/hang,,,730320402,TRUE,FALSE,
516,10/7/21,15:21:00,19:00:00,3:39:00,work study,work/study/hang,,,730320402,TRUE,FALSE,
567,10/14/21,15:22:00,17:00:00,1:38:00,work study,work/study/hang,,,730320402,TRUE,FALSE,
586,10/18/21,16:50:00,19:00:00,2:10:00,work study,work/study/hang,,,730320402,TRUE,FALSE,
621,10/27/21,17:57:00,21:08:00,3:11:00,work study,work/study/hang,,,730320402,TRUE,FALSE,
634,10/28/21,16:04:00,18:55:00,2:51:00,work,work/study/hang,,,730320402,TRUE,FALSE,
666,11/3/21,17:46:00,18:31:00,0:45:00,work study,work/study/hang,,,730320402,TRUE,FALSE,
678,11/4/21,15:54:00,18:31:00,2:37:00,work,work/study/hang,,,730320402,TRUE,FALSE,
703,11/11/21,14:19:00,16:44:00,21:35:00,work,work/study/hang,,,730320402,TRUE,FALSE,
709,11/15/21,15:51:00,18:27:00,2:36:00,work study,work/study/hang,,,730320402,TRUE,FALSE,
787,1/12/22,16:58:00,19:18:00,2:20:00,work study,work/study/hang,,,730320402,TRUE,FALSE,
799,1/19/22,16:50:00,18:10:00,1:20:00,work study,work/study/hang,,,730320402,TRUE,FALSE,
809,1/24/22,13:41:00,17:00:00,3:19:00,++++++++++++++++++++++,work/study/hang,,,730320402,TRUE,FALSE,
848,2/4/22,13:16:00,16:35:00,3:19:00,work,work/study/hang,,,730320402,TRUE,FALSE,
905,2/15/22,17:06:00,20:47:00,3:41:00,ws,work/study/hang,,,730320402,TRUE,FALSE,
950,2/24/22,17:04:00,19:59:00,2:55:00,work,work/study/hang,,,730320402,TRUE,FALSE,
1034,3/8/22,15:05:00,16:35:00,1:30:00,work,work/study/hang,,,730320402,TRUE,FALSE,
1161,4/21/22,15:24:00,18:00:00,2:36:00,workSTUDY,work/study/hang,,,730320402,TRUE,FALSE,
780,1/11/22,16:36:00,16:42:00,0:06:00,info,tour,,,730322550,TRUE,FALSE,
931,2/21/22,15:45:00,17:00:00,1:15:00,api workshop,project/workshop/staff,,,730322550,TRUE,FALSE,
907,2/16/22,14:00:00,14:57:00,0:57:00,workshop,project/workshop/staff,,,730323180,TRUE,TRUE,Email (Club)
951,2/25/22,13:05:00,16:52:00,3:47:00,work,work/study/hang,,,730323180,TRUE,FALSE,
433,9/20/21,17:29:00,18:33:00,1:04:00,study,work/study/hang,,,730324058,TRUE,FALSE,
449,9/22/21,13:18:00,16:02:00,2:44:00,study,work/study/hang,,,730324058,TRUE,FALSE,
460,9/24/21,13:20:00,13:58:00,0:38:00,study,work/study/hang,,,730324058,TRUE,FALSE,
963,2/28/22,14:17:00,15:02:00,0:45:00,study,work/study/hang,,,730324058,TRUE,FALSE,
711,11/15/21,17:20:00,17:30:00,0:10:00,i am here with work to do,work/study/hang,,,730324691,TRUE,TRUE,Friend
367,9/2/21,15:22:00,17:00:00,1:38:00,visiting felipe,project/workshop/staff,,,730325023,TRUE,FALSE,
396,9/9/21,18:16:00,18:57:00,0:41:00,felipe,project/workshop/staff,Felipe,,730325023,TRUE,FALSE,
409,9/14/21,15:21:00,16:17:00,0:56:00,java,project/workshop/staff,Felipe,,730325023,TRUE,FALSE,
428,9/16/21,15:53:00,18:04:00,2:11:00,html,work/study/hang,,,730325023,TRUE,FALSE,
440,9/21/21,16:20:00,16:56:00,0:36:00,ios dev,project/workshop/staff,,,730325023,TRUE,FALSE,
461,9/24/21,17:57:00,19:00:00,1:03:00,ios,project/workshop/staff,Felipe,,730325023,TRUE,FALSE,
476,9/28/21,15:20:00,16:55:00,1:35:00,sml,work/study/hang,,,730325023,TRUE,FALSE,
491,9/30/21,15:44:00,19:10:00,3:26:00,hackerrank,work/study/hang,Felipe,,730325023,TRUE,FALSE,
501,10/5/21,15:52:00,16:59:00,1:07:00,web dev,project/workshop/staff,,,730325023,TRUE,FALSE,
513,10/7/21,14:23:00,15:31:00,1:08:00,dining philosophers,work/study/hang,,,730325023,TRUE,FALSE,
573,10/14/21,16:55:00,18:00:00,1:05:00,APPS,project/workshop/staff,,,730325023,TRUE,FALSE,
597,10/19/21,15:20:00,16:56:00,1:36:00,philosophers,work/study/hang,,,730325023,TRUE,FALSE,
608,10/26/21,12:16:00,14:12:00,1:56:00,pairing,work/study/hang,,,730325023,TRUE,FALSE,
626,10/28/21,12:24:00,14:20:00,1:56:00,ios pairing,project/workshop/staff,,,730325023,TRUE,FALSE,
674,11/4/21,15:17:00,16:43:00,1:26:00,ios,project/workshop/staff,,,730325023,TRUE,FALSE,
672,11/4/21,13:46:00,14:00:00,0:14:00,get stuff done,work/study/hang,,,730325023,TRUE,FALSE,
723,11/16/21,16:04:00,17:46:00,1:42:00,APP TEAM PLANNING,club,,,730325023,TRUE,FALSE,
719,11/16/21,12:32:00,12:52:00,0:20:00,app team work,club,,,730325023,TRUE,FALSE,
730,11/17/21,15:42:00,21:08:00,5:26:00,ios,project/workshop/staff,,,730325023,TRUE,FALSE,
740,11/18/21,16:47:00,16:59:00,0:12:00,ios,project/workshop/staff,,,730325023,TRUE,FALSE,
745,11/23/21,15:40:00,16:50:00,1:10:00,need to get work done,work/study/hang,,,730325023,TRUE,FALSE,
749,11/29/21,15:30:00,17:56:00,2:26:00,app team,club,,,730325023,TRUE,FALSE,
754,11/30/21,14:08:00,17:01:00,2:53:00,collab,project/workshop/staff,Daniel,Helped him set up a react and expressjs setup,730325023,TRUE,FALSE,
752,11/30/21,12:44:00,14:03:00,1:19:00,get work done,work/study/hang,,,730325023,TRUE,FALSE,
768,12/1/21,15:05:00,17:02:00,1:57:00,react,project/workshop/staff,,,730325023,TRUE,FALSE,
776,1/10/22,16:00:00,18:24:00,2:24:00,app team planning,club,,,730325023,TRUE,FALSE,
783,1/12/22,13:22:00,15:30:00,2:08:00,get stuff done before i go home,work/study/hang,,,730325023,TRUE,FALSE,
792,1/13/22,16:54:00,18:00:00,1:06:00,app team,club,,,730325023,TRUE,FALSE,
801,1/24/22,12:00:00,13:53:00,1:53:00,app team emails,club,,,730325023,TRUE,FALSE,
810,1/25/22,12:04:00,12:29:00,0:25:00,need to read,work/study/hang,,,730325023,TRUE,FALSE,
822,1/27/22,12:08:00,12:29:00,0:21:00,down time,work/study/hang,,,730325023,TRUE,FALSE,
835,1/31/22,16:09:00,18:02:00,1:53:00,hw,work/study/hang,,,730325023,TRUE,FALSE,
838,2/1/22,12:14:00,12:30:00,0:16:00,time,work/study/hang,,,730325023,TRUE,FALSE,
843,2/2/22,16:45:00,18:29:00,1:44:00,work,work/study/hang,,,730325023,TRUE,FALSE,
857,2/7/22,13:19:00,13:21:00,0:02:00,node backend,project/workshop/staff,,,730325023,TRUE,FALSE,
886,2/10/22,15:10:00,15:28:00,0:18:00,app team planning,club,,,730325023,TRUE,FALSE,
894,2/15/22,13:46:00,15:16:00,1:30:00,ios,project/workshop/staff,,,730325023,TRUE,FALSE,
913,2/17/22,13:50:00,15:18:00,1:28:00,app team planning,club,,,730325023,TRUE,FALSE,
930,2/21/22,15:32:00,16:51:00,1:19:00,apps,project/workshop/staff,,,730325023,TRUE,FALSE,
924,2/21/22,9:42:00,10:07:00,0:25:00,get work done,work/study/hang,,,730325023,TRUE,FALSE,
925,2/21/22,12:11:00,14:31:00,2:20:00,get work done,work/study/hang,,,730325023,TRUE,FALSE,
938,2/22/22,13:54:00,15:27:00,1:33:00,app team,club,,,730325023,TRUE,FALSE,
945,2/24/22,12:03:00,13:48:00,1:45:00,app team,club,,,730325023,TRUE,FALSE,
947,2/24/22,14:47:00,15:31:00,0:44:00,apps,project/workshop/staff,,,730325023,TRUE,FALSE,
962,2/28/22,14:06:00,16:54:00,2:48:00,WORKSHOP,project/workshop/staff,,,730325023,TRUE,FALSE,
958,2/28/22,11:08:00,11:43:00,0:35:00,workshop planning,project/workshop/staff,,,730325023,TRUE,FALSE,
978,3/1/22,16:49:00,16:50:00,0:01:00,waiting,work/study/hang,,,730325023,TRUE,FALSE,
970,3/1/22,14:11:00,15:14:00,1:03:00,app dev,project/workshop/staff,,,730325023,TRUE,FALSE,
1014,3/2/22,16:18:00,16:53:00,0:35:00,pairing,work/study/hang,,,730325023,TRUE,FALSE,
1017,3/3/22,12:00:00,12:30:00,0:30:00,downtime,work/study/hang,,,730325023,TRUE,FALSE,
1021,3/6/22,15:00:00,20:23:00,5:23:00,app team,club,,,730325023,TRUE,FALSE,
1028,3/7/22,9:32:00,10:09:00,0:37:00,chilling,work/study/hang,,,730325023,TRUE,FALSE,
1033,3/8/22,13:01:00,14:12:00,1:11:00,apple event,project/workshop/staff,,,730325023,TRUE,FALSE,
1042,3/9/22,11:11:00,12:02:00,0:51:00,get work done,work/study/hang,,,730325023,TRUE,FALSE,
1045,3/10/22,16:43:00,16:56:00,0:13:00,waiting,work/study/hang,,,730325023,TRUE,FALSE,
1044,3/10/22,13:00:00,15:01:00,2:01:00,virtual meeting,work/study/hang,,,730325023,TRUE,FALSE,
1047,3/21/22,9:34:00,9:44:00,0:10:00,apps,project/workshop/staff,,,730325023,TRUE,FALSE,
1055,3/24/22,14:08:00,15:24:00,1:16:00,app team planning,club,,,730325023,TRUE,FALSE,
1057,3/27/22,12:29:00,17:33:00,5:04:00,app team hack day,club,,,730325023,TRUE,FALSE,
1061,3/28/22,9:03:00,10:10:00,1:07:00,524 assn,work/study/hang,,,730325023,TRUE,FALSE,
1063,3/28/22,15:58:00,19:34:00,3:36:00,work,work/study/hang,,,730325023,TRUE,FALSE,
1072,3/29/22,16:52:00,16:56:00,0:04:00,b4 app team,work/study/hang,,,730325023,TRUE,FALSE,
1065,3/29/22,11:53:00,12:18:00,0:25:00,extra time,work/study/hang,,,730325023,TRUE,FALSE,
1082,3/31/22,14:04:00,15:33:00,1:29:00,app team backend,club,,,730325023,TRUE,FALSE,
1080,3/31/22,11:26:00,12:24:00,0:58:00,write a paper,work/study/hang,,,730325023,TRUE,FALSE,
1121,4/4/22,13:15:00,17:53:00,4:38:00,app team,club,,,730325023,TRUE,FALSE,
1134,4/8/22,9:33:00,9:54:00,0:21:00,killin time in my favorite space in SN,work/study/hang,,,730325023,TRUE,FALSE,
1138,4/10/22,14:58:00,20:00:00,5:02:00,working on project,project/workshop/staff,,,730325023,TRUE,FALSE,
1148,4/12/22,16:42:00,16:58:00,0:16:00,waiting before app team carolina,work/study/hang,,,730325023,TRUE,FALSE,
1145,4/12/22,12:20:00,14:18:00,1:58:00,apps,project/workshop/staff,,,730325023,TRUE,FALSE,
1146,4/12/22,14:39:00,15:19:00,0:40:00,apps again,project/workshop/staff,,,730325023,TRUE,FALSE,
1165,4/21/22,16:36:00,16:59:00,0:23:00,hanging,work/study/hang,,,730325023,TRUE,FALSE,
1169,4/22/22,16:22:00,17:34:00,1:12:00,hanging out,work/study/hang,,,730325023,TRUE,FALSE,
1177,4/26/22,16:48:00,17:04:00,0:16:00,fun,work/study/hang,,,730325023,TRUE,FALSE,
411,9/14/21,15:22:00,17:28:00,2:06:00,java,project/workshop/staff,Felipe,,730325260,TRUE,TRUE,Friend
477,9/28/21,15:20:00,16:55:00,1:35:00,sml,work/study/hang,,,730325260,TRUE,FALSE,
514,10/7/21,14:24:00,15:31:00,1:07:00,dining philosophers,work/study/hang,,,730325260,TRUE,FALSE,
596,10/19/21,15:19:00,18:00:00,2:41:00,dining philosophers,work/study/hang,,,730325260,TRUE,FALSE,
676,11/4/21,15:26:00,16:43:00,1:17:00,study,work/study/hang,,,730325260,TRUE,FALSE,
695,11/9/21,15:08:00,17:52:00,2:44:00,erlang,project/workshop/staff,,,730325260,TRUE,FALSE,
755,11/30/21,14:08:00,15:56:00,1:48:00,linda tuplespace,work/study/hang,,,730325260,TRUE,FALSE,
909,2/16/22,14:31:00,14:56:00,0:25:00,Workshop,project/workshop/staff,,,730327301,TRUE,TRUE,Other
1150,4/13/22,14:30:00,14:57:00,0:27:00,app work,project/workshop/staff,,,730327301,TRUE,FALSE,
929,2/21/22,14:54:00,16:04:00,1:10:00,study,work/study/hang,,,730328080,TRUE,FALSE,
973,3/1/22,15:49:00,16:55:00,1:06:00,app work,project/workshop/staff,,,730331566,TRUE,TRUE,Friend
927,2/21/22,14:24:00,15:41:00,1:17:00,app work,project/workshop/staff,,,730332290,TRUE,TRUE,Flyer
952,2/25/22,13:06:00,16:54:00,3:48:00,work,work/study/hang,,,730333182,TRUE,TRUE,App Lab Slack
382,9/7/21,17:30:00,17:45:00,0:15:00,Wanted to see the place,tour,,,730333879,TRUE,TRUE,Newsletter (Department)
614,10/26/21,16:36:00,18:00:00,1:24:00,Debug python code and need help on website,project/workshop/staff,,,730336364,TRUE,TRUE,Friend
607,10/25/21,18:02:00,18:15:00,0:13:00,study,work/study/hang,Nate,talked about first steps to make an app,730351440,FALSE,TRUE,Email (Class)
400,9/10/21,15:01:00,15:25:00,0:24:00,study,work/study/hang,Felipe,,730355643,TRUE,FALSE,
441,9/21/21,16:20:00,16:56:00,0:36:00,work,work/study/hang,,,730355643,TRUE,FALSE,
493,9/30/21,16:18:00,16:54:00,0:36:00,study,work/study/hang,Felipe,,730355643,TRUE,FALSE,
712,11/15/21,17:20:00,19:30:00,2:10:00,app team work,club,,,730355643,TRUE,FALSE,
802,1/24/22,12:37:00,12:50:00,0:13:00,visiting felipe,project/workshop/staff,,,730355643,TRUE,FALSE,
817,1/26/22,14:09:00,17:51:00,3:42:00,app team work,club,,,730355643,TRUE,FALSE,
831,1/31/22,14:46:00,18:03:00,3:17:00,study,work/study/hang,,,730355643,TRUE,FALSE,
840,2/1/22,15:22:00,16:27:00,1:05:00,study,work/study/hang,,,730355643,TRUE,FALSE,
842,2/2/22,13:58:00,14:06:00,0:08:00,study,work/study/hang,,,730355643,TRUE,FALSE,
845,2/3/22,15:24:00,18:00:00,2:36:00,study,work/study/hang,,,730355643,TRUE,FALSE,
871,2/8/22,15:25:00,17:49:00,2:24:00,study,work/study/hang,,,730355643,TRUE,FALSE,
902,2/15/22,15:41:00,12:01:00,20:20:00,study,work/study/hang,,,730355643,TRUE,FALSE,
926,2/21/22,12:12:00,12:48:00,0:36:00,study,work/study/hang,,,730355643,TRUE,FALSE,
928,2/21/22,14:34:00,16:28:00,1:54:00,work work,work/study/hang,,,730355643,TRUE,FALSE,
937,2/22/22,12:50:00,16:29:00,3:39:00,work,work/study/hang,,,730355643,TRUE,FALSE,
959,2/28/22,12:02:00,12:19:00,0:17:00,study,work/study/hang,,,730355643,TRUE,FALSE,
969,2/28/22,16:43:00,16:54:00,0:11:00,work,work/study/hang,,,730355643,TRUE,FALSE,
977,3/1/22,16:40:00,17:31:00,0:51:00,app team,club,,,730355643,TRUE,FALSE,
1012,3/2/22,12:36:00,13:41:00,1:05:00,work,work/study/hang,,,730355643,TRUE,FALSE,
1027,3/6/22,16:06:00,20:58:00,4:52:00,app team,club,,,730355643,TRUE,FALSE,
1170,4/22/22,16:22:00,16:53:00,0:31:00,hanging out,work/study/hang,,,730355643,TRUE,FALSE,
815,1/25/22,16:50:00,17:49:00,0:59:00,web dev,project/workshop/staff,,,730358549,TRUE,TRUE,Friend
366,9/2/21,15:22:00,17:17:00,1:55:00,Work,work/study/hang,,,730359080,TRUE,FALSE,
467,9/27/21,14:41:00,14:46:00,0:05:00,participation,project/workshop/staff,Nate,"Had emailed Prof. Terrell, was interested in doing extracurricular project -> I directed him to trello ideas board + applab repo on gitlab",730365894,TRUE,TRUE,Friend
631,10/28/21,15:19:00,15:27:00,0:08:00,work,work/study/hang,,,730365908,TRUE,FALSE,
378,9/7/21,16:21:00,16:26:00,0:05:00,Seeing felipe,work/study/hang,,,730366571,TRUE,FALSE,
383,9/7/21,17:34:00,18:15:00,0:41:00,work,work/study/hang,Felipe,,730366571,TRUE,FALSE,
412,9/14/21,15:37:00,18:48:00,3:11:00,homework,work/study/hang,Felipe,,730366571,TRUE,FALSE,
653,11/2/21,16:52:00,18:11:00,1:19:00,work,work/study/hang,,,730366571,TRUE,FALSE,
682,11/4/21,18:23:00,19:08:00,0:45:00,app work,project/workshop/staff,,,730366571,TRUE,FALSE,
686,11/7/21,12:07:00,18:36:00,6:29:00,app work,project/workshop/staff,,,730366571,TRUE,FALSE,
714,11/15/21,17:30:00,19:30:00,2:00:00,app team,club,,,730366571,TRUE,FALSE,
739,11/18/21,16:44:00,16:57:00,0:13:00,app work,project/workshop/staff,,,730366571,TRUE,FALSE,
756,11/30/21,14:30:00,15:18:00,0:48:00,work,work/study/hang,,,730366571,TRUE,FALSE,
841,2/1/22,16:02:00,16:12:00,0:10:00,study,work/study/hang,,,730366571,TRUE,FALSE,
874,2/8/22,16:06:00,17:55:00,1:49:00,study,work/study/hang,,,730366571,TRUE,FALSE,
956,2/26/22,15:57:00,19:08:00,3:11:00,app team,club,,,730366571,TRUE,FALSE,
1023,3/6/22,16:04:00,19:45:00,3:41:00,app team,club,,,730366571,TRUE,FALSE,
1059,3/27/22,13:02:00,18:28:00,5:26:00,app team,club,,,730366571,TRUE,FALSE,
1069,3/29/22,16:05:00,18:03:00,1:58:00,app team,club,,,730366571,TRUE,FALSE,
1137,4/10/22,14:58:00,20:00:00,5:02:00,project work,project/workshop/staff,,,730366571,TRUE,FALSE,
1180,4/26/22,17:35:00,18:11:00,0:36:00,app team,club,,,730366571,TRUE,FALSE,
793,1/13/22,16:55:00,18:00:00,1:05:00,work,work/study/hang,,,730367015,TRUE,FALSE,
437,9/21/21,13:07:00,13:08:00,0:01:00,study,work/study/hang,,,730367015,TRUE,TRUE,Newsletter (Department)
439,9/21/21,16:16:00,16:55:00,0:39:00,work,work/study/hang,,,730367015,TRUE,FALSE,
517,10/7/21,15:27:00,16:57:00,1:30:00,app work,project/workshop/staff,,,730367015,TRUE,FALSE,
525,10/13/21,12:19:00,14:15:00,1:56:00,mac,project/workshop/staff,,,730367015,TRUE,FALSE,
566,10/14/21,15:18:00,16:53:00,1:35:00,Study,work/study/hang,,,730367015,TRUE,FALSE,
578,10/15/21,14:30:00,17:18:00,2:48:00,Mac,project/workshop/staff,,,730367015,TRUE,FALSE,
581,10/18/21,12:15:00,12:20:00,0:05:00,MAc,project/workshop/staff,,,730367015,TRUE,FALSE,
584,10/18/21,15:27:00,18:34:00,3:07:00,Mac,project/workshop/staff,,,730367015,TRUE,FALSE,
589,10/19/21,10:58:00,12:12:00,1:14:00,Mac,project/workshop/staff,,,730367015,TRUE,FALSE,
591,10/19/21,13:12:00,13:48:00,0:36:00,Mac,project/workshop/staff,,,730367015,TRUE,FALSE,
595,10/19/21,15:14:00,17:00:00,1:46:00,Mac,project/workshop/staff,,,730367015,TRUE,FALSE,
603,10/20/21,15:27:00,17:14:00,1:47:00,Mac,project/workshop/staff,,,730367015,TRUE,FALSE,
610,10/26/21,12:19:00,13:49:00,1:30:00,Mac,project/workshop/staff,,,730367015,TRUE,FALSE,
613,10/26/21,15:17:00,16:55:00,1:38:00,mac,project/workshop/staff,,,730367015,TRUE,FALSE,
630,10/28/21,15:18:00,17:35:00,2:17:00,study,work/study/hang,,,730367015,TRUE,FALSE,
646,11/2/21,10:57:00,12:13:00,1:16:00,Mac,project/workshop/staff,,,730367015,TRUE,FALSE,
648,11/2/21,15:17:00,16:58:00,1:41:00,Mac,project/workshop/staff,,,730367015,TRUE,FALSE,
669,11/4/21,10:54:00,12:00:00,1:06:00,study,work/study/hang,,,730367015,TRUE,FALSE,
812,1/25/22,15:24:00,16:52:00,1:28:00,study,work/study/hang,,,730367015,TRUE,FALSE,
870,2/8/22,15:25:00,17:02:00,1:37:00,working,work/study/hang,,,730367015,TRUE,FALSE,
887,2/10/22,15:23:00,16:58:00,1:35:00,study,work/study/hang,,,730367015,TRUE,FALSE,
899,2/15/22,15:30:00,16:58:00,1:28:00,study,work/study/hang,,,730367015,TRUE,FALSE,
940,2/22/22,15:21:00,16:55:00,1:34:00,study,work/study/hang,,,730367015,TRUE,FALSE,
1036,3/8/22,15:23:00,16:45:00,1:22:00,work,work/study/hang,,,730367015,TRUE,FALSE,
1067,3/29/22,15:25:00,16:56:00,1:31:00,Study,work/study/hang,,,730367015,TRUE,FALSE,
1114,3/31/22,15:36:00,16:59:00,1:23:00,work,work/study/hang,,,730367015,TRUE,FALSE,
1124,4/4/22,17:36:00,17:53:00,0:17:00,Just to check it out,tour,,,730367015,TRUE,FALSE,
1154,4/19/22,15:14:00,16:57:00,1:43:00,study,work/study/hang,,,730367015,TRUE,FALSE,
1162,4/21/22,15:25:00,16:59:00,1:34:00,work,work/study/hang,,,730367015,TRUE,FALSE,
1175,4/26/22,15:07:00,17:01:00,1:54:00,work,work/study/hang,,,730367015,TRUE,FALSE,
422,9/16/21,13:30:00,16:40:00,3:10:00,app,project/workshop/staff,Daniel,Working on getting an iOS app running for 523,730369108,TRUE,FALSE,
662,11/3/21,15:04:00,17:32:00,2:28:00,523,work/study/hang,,,730369108,TRUE,FALSE,
456,9/23/21,13:54:00,16:30:00,2:36:00,study,work/study/hang,,,730369108,TRUE,FALSE,
825,1/28/22,14:34:00,17:11:00,2:37:00,Felipe,project/workshop/staff,,,730370099,TRUE,TRUE,Friend
496,10/4/21,16:50:00,18:36:00,1:46:00,app work,project/workshop/staff,Felipe,,730375684,TRUE,TRUE,Other
522,10/8/21,16:24:00,16:26:00,0:02:00,work,work/study/hang,,,730375684,TRUE,FALSE,
529,10/13/21,17:27:00,18:17:00,0:50:00,work,work/study/hang,,,730375684,TRUE,FALSE,
641,10/29/21,16:30:00,16:40:00,0:10:00,work,work/study/hang,,,730375684,TRUE,FALSE,
708,11/12/21,16:33:00,17:24:00,0:51:00,work,work/study/hang,Nate,"Trying to get ios emulator - might come back to try again, seems to be an m1 chip issue",730375684,TRUE,FALSE,
747,11/23/21,16:34:00,17:30:00,0:56:00,work,work/study/hang,,,730375684,TRUE,FALSE,
896,2/15/22,14:10:00,14:31:00,0:21:00,work,work/study/hang,,,730375684,TRUE,FALSE,
1166,4/21/22,16:36:00,16:59:00,0:23:00,work,work/study/hang,,,730375684,TRUE,FALSE,
1171,4/22/22,16:22:00,17:34:00,1:12:00,hanging out,work/study/hang,,,730375684,TRUE,FALSE,
1168,4/22/22,14:50:00,14:55:00,0:05:00,work,work/study/hang,,,730375684,TRUE,FALSE,
713,11/15/21,17:21:00,18:51:00,1:30:00,meeting,work/study/hang,,,730382347,TRUE,TRUE,Friend
726,11/16/21,16:41:00,17:39:00,0:58:00,study,work/study/hang,,,730382347,TRUE,FALSE,
748,11/23/21,16:48:00,17:09:00,0:21:00,studying,work/study/hang,,,730382347,TRUE,FALSE,
939,2/22/22,14:42:00,14:51:00,0:09:00,study,work/study/hang,,,730385899,TRUE,FALSE,
1181,4/26/22,17:35:00,18:11:00,0:36:00,work,work/study/hang,,,730385899,TRUE,FALSE,
481,9/28/21,16:47:00,17:22:00,0:35:00,help,work/study/hang,,,730388491,TRUE,FALSE,
530,10/13/21,18:05:00,19:15:00,1:10:00,work,work/study/hang,,,730388491,TRUE,FALSE,
580,10/15/21,16:07:00,17:00:00,0:53:00,work,work/study/hang,,,730388491,TRUE,FALSE,
627,10/28/21,12:29:00,14:20:00,1:51:00,app work,project/workshop/staff,,,730389939,TRUE,TRUE,Slack
729,11/17/21,15:25:00,16:58:00,1:33:00,App Team,club,,,730389939,TRUE,FALSE,
1026,3/6/22,16:06:00,19:45:00,3:39:00,App team,club,,,730389939,TRUE,FALSE,
1074,3/29/22,17:15:00,18:04:00,0:49:00,app team,club,,,730389939,TRUE,FALSE,
1141,4/10/22,15:35:00,18:58:00,3:23:00,app team,club,,,730389939,TRUE,FALSE,
361,9/1/21,13:05:00,13:10:00,0:05:00,working,work/study/hang,,,730393052,TRUE,TRUE,Friend
369,9/2/21,15:49:00,17:00:00,1:11:00,study,work/study/hang,,,730393052,TRUE,FALSE,
403,9/13/21,15:39:00,16:33:00,0:54:00,work,work/study/hang,Felipe,,730393052,TRUE,FALSE,
499,10/4/21,18:31:00,19:00:00,0:29:00,study,work/study/hang,,,730393052,TRUE,FALSE,
889,2/14/22,15:29:00,16:17:00,0:48:00,homework,work/study/hang,,,730393052,TRUE,FALSE,
606,10/25/21,15:34:00,17:00:00,1:26:00,comp,work/study/hang,Lia,,730393169,TRUE,FALSE,
706,11/12/21,13:25:00,14:19:00,0:54:00,comp 110,work/study/hang,,,730393169,TRUE,FALSE,
775,1/10/22,13:00:00,16:50:00,3:50:00,comp 110,work/study/hang,,,730393169,TRUE,FALSE,
811,1/25/22,13:14:00,13:41:00,0:27:00,study,work/study/hang,,,730393169,TRUE,FALSE,
882,2/9/22,15:29:00,15:29:00,0:00:00,workshhop,project/workshop/staff,,,730393169,TRUE,FALSE,
742,11/22/21,13:43:00,14:00:00,0:17:00,comp 110,work/study/hang,,,730393169,TRUE,FALSE,
497,10/4/21,16:53:00,17:00:00,0:07:00,other,work/study/hang,,,730393661,TRUE,TRUE,Friend
498,10/4/21,18:31:00,19:00:00,0:29:00,study,work/study/hang,,,730393661,TRUE,FALSE,
570,10/14/21,16:32:00,17:02:00,0:30:00,work,work/study/hang,,,730393661,TRUE,FALSE,
677,11/4/21,15:26:00,16:36:00,1:10:00,study,work/study/hang,,,730393661,TRUE,FALSE,
744,11/22/21,16:01:00,18:57:00,2:56:00,work,work/study/hang,,,730393661,TRUE,FALSE,
807,1/24/22,15:42:00,16:44:00,1:02:00,study,work/study/hang,,,730393661,TRUE,FALSE,
833,1/31/22,16:00:00,16:18:00,0:18:00,work,work/study/hang,,,730393661,TRUE,FALSE,
862,2/7/22,15:50:00,16:50:00,1:00:00,study,work/study/hang,,,730393661,TRUE,FALSE,
890,2/14/22,15:30:00,16:47:00,1:17:00,work,work/study/hang,,,730393661,TRUE,FALSE,
966,2/28/22,15:40:00,16:42:00,1:02:00,study,work/study/hang,,,730393661,TRUE,FALSE,
1031,3/7/22,15:35:00,16:05:00,0:30:00,work,work/study/hang,,,730393661,TRUE,FALSE,
1049,3/21/22,15:32:00,16:46:00,1:14:00,work,work/study/hang,,,730393661,TRUE,FALSE,
1123,4/4/22,16:39:00,17:53:00,1:14:00,study,work/study/hang,,,730393661,TRUE,FALSE,
1152,4/18/22,15:33:00,16:46:00,1:13:00,study,work/study/hang,,,730393661,TRUE,FALSE,
414,9/14/21,16:27:00,17:24:00,0:57:00,java crash course,project/workshop/staff,Felipe,,730394055,TRUE,TRUE,Word of Mouth
1156,4/20/22,11:49:00,14:27:00,2:38:00,work,work/study/hang,,,730394978,TRUE,TRUE,Word of Mouth
1176,4/26/22,16:37:00,18:25:00,1:48:00,group project,work/study/hang,,,730394978,TRUE,FALSE,
741,11/18/21,17:08:00,18:26:00,1:18:00,club,club,,,730395746,TRUE,TRUE,Flyer
413,9/14/21,16:23:00,17:24:00,1:01:00,Java crash course,project/workshop/staff,Felipe,,730396300,TRUE,FALSE,
847,2/3/22,16:17:00,18:00:00,1:43:00,Doing HW,work/study/hang,,,730396453,TRUE,FALSE,
895,2/15/22,14:09:00,14:56:00,0:47:00,Sam Shi :),work/study/hang,,,730396453,TRUE,FALSE,
664,11/3/21,16:03:00,16:24:00,0:21:00,work,work/study/hang,Nate,app project discussion,730396963,TRUE,FALSE,
575,10/15/21,12:09:00,12:25:00,0:16:00,work,work/study/hang,Lasya,"Wanted to learn more about the App Lab (Check In App and Skills Tree), how to get in to app development in general, next steps: will explore learning resources for React and React Native",730396963,TRUE,TRUE,Email (Club)
484,9/29/21,15:51:00,16:12:00,0:21:00,Programming Help,work/study/hang,Daniel,Helped him with an APPL 110 assignment,730396987,TRUE,TRUE,Friend
601,10/20/21,14:34:00,15:23:00,0:49:00,work for class,work/study/hang,Nate,python help,730396987,TRUE,FALSE,
690,11/8/21,16:14:00,16:14:00,0:00:00,study,work/study/hang,,,730397850,TRUE,TRUE,Friend
406,9/13/21,17:14:00,17:57:00,0:43:00,study,work/study/hang,,,730397918,TRUE,FALSE,
935,2/22/22,12:04:00,13:23:00,1:19:00,Just doing homework,work/study/hang,,,730397918,TRUE,FALSE,
1130,4/6/22,16:44:00,10:16:00,17:32:00,study,work/study/hang,,,730397918,TRUE,FALSE,
779,1/11/22,12:39:00,15:39:00,3:00:00,felipe,project/workshop/staff,,,730398544,TRUE,TRUE,Friend
814,1/25/22,16:22:00,17:49:00,1:27:00,felipe,project/workshop/staff,,,730398544,TRUE,FALSE,
824,1/28/22,14:33:00,17:10:00,2:37:00,felipe,project/workshop/staff,,,730398544,TRUE,FALSE,
1015,3/2/22,16:34:00,19:46:00,3:12:00,study,work/study/hang,,,730398544,FALSE,FALSE,
813,1/25/22,16:22:00,17:49:00,1:27:00,Felipe,project/workshop/staff,,,4,TRUE,TRUE,Friend
379,9/7/21,16:38:00,19:00:00,2:22:00,Work,work/study/hang,Lasya,Needed help understanding what a Promise object was and where to place an if statement,730399319,TRUE,FALSE,
445,9/21/21,17:48:00,19:00:00,1:12:00,work,work/study/hang,,,730399319,TRUE,FALSE,
507,10/6/21,17:34:00,19:00:00,1:26:00,work,work/study/hang,,,730399319,TRUE,FALSE,
519,10/7/21,16:57:00,19:00:00,2:03:00,work,work/study/hang,,,730399319,TRUE,FALSE,
571,10/14/21,16:54:00,18:00:00,1:06:00,work,work/study/hang,,,730399319,TRUE,FALSE,
635,10/28/21,16:44:00,18:55:00,2:11:00,work,work/study/hang,,,730399319,TRUE,FALSE,
668,11/3/21,18:03:00,18:31:00,0:28:00,work,work/study/hang,,,730399319,TRUE,FALSE,
689,11/8/21,15:58:00,17:56:00,1:58:00,work,work/study/hang,,,730399319,TRUE,FALSE,
704,11/11/21,14:19:00,16:49:00,21:30:00,work,work/study/hang,,,730399319,TRUE,FALSE,
710,11/15/21,15:59:00,18:26:00,2:27:00,work,work/study/hang,,,730399319,TRUE,FALSE,
788,1/12/22,17:09:00,19:19:00,2:10:00,work,work/study/hang,,,730399319,TRUE,FALSE,
800,1/19/22,17:02:00,18:10:00,1:08:00,working,work/study/hang,,,730399319,TRUE,FALSE,
808,1/24/22,16:59:00,13:41:00,20:42:00,work,work/study/hang,,,730399319,TRUE,FALSE,
821,1/26/22,16:58:00,17:10:00,0:12:00,work,work/study/hang,,,730399319,TRUE,FALSE,
850,2/4/22,14:20:00,16:35:00,2:15:00,work,work/study/hang,,,730399319,TRUE,FALSE,
864,2/7/22,15:38:00,16:56:00,1:18:00,WORK,work/study/hang,,,730399319,TRUE,FALSE,
884,2/9/22,16:52:00,17:51:00,0:59:00,work,work/study/hang,,,730399319,TRUE,FALSE,
904,2/15/22,17:03:00,20:47:00,3:44:00,work,work/study/hang,,,730399319,TRUE,FALSE,
918,2/17/22,17:06:00,18:20:00,1:14:00,work,work/study/hang,,,730399319,TRUE,FALSE,
934,2/21/22,17:09:00,18:00:00,0:51:00,work,work/study/hang,,,730399319,TRUE,FALSE,
949,2/24/22,16:55:00,19:59:00,3:04:00,work,work/study/hang,,,730399319,TRUE,FALSE,
976,3/1/22,16:39:00,18:00:00,1:21:00,WORK,work/study/hang,,,730399319,TRUE,FALSE,
1032,3/7/22,14:12:00,17:03:00,2:51:00,work,work/study/hang,,,730399319,TRUE,FALSE,
1039,3/8/22,15:29:00,16:36:00,1:07:00,work,work/study/hang,,,730399319,TRUE,FALSE,
1052,3/22/22,15:20:00,18:13:00,2:53:00,work,work/study/hang,,,730399319,TRUE,FALSE,
1132,4/6/22,10:16:00,16:59:00,6:43:00,work,work/study/hang,,,730399319,TRUE,FALSE,
1164,4/21/22,15:49:00,18:00:00,2:11:00,work,work/study/hang,,,730399319,TRUE,FALSE,
617,10/26/21,17:54:00,18:09:00,0:15:00,App Team Carolina,club,,,730399497,TRUE,FALSE,
652,11/2/21,16:51:00,18:11:00,1:20:00,study,work/study/hang,,,730399497,TRUE,FALSE,
679,11/4/21,16:05:00,16:19:00,0:14:00,study,work/study/hang,,,730399497,TRUE,FALSE,
724,11/16/21,16:26:00,17:46:00,1:20:00,Study,work/study/hang,,,730399497,TRUE,FALSE,
761,11/30/21,14:38:00,17:10:00,2:32:00,Work,work/study/hang,,,730399497,TRUE,FALSE,
1071,3/29/22,16:45:00,17:24:00,0:39:00,study,work/study/hang,,,730399497,TRUE,TRUE,Word of Mouth
878,2/9/22,13:59:00,15:27:00,1:28:00,Just want to check it out,tour,,,730400003,TRUE,TRUE,Email (Class)
1013,3/2/22,14:08:00,15:12:00,1:04:00,Meet with someone,work/study/hang,,,730400003,TRUE,FALSE,
707,11/12/21,14:37:00,14:45:00,0:08:00,Volunteer,tour,,,730401013,TRUE,TRUE,Club Announcement
877,2/9/22,13:53:00,15:28:00,1:35:00,UI Workshop,work/study/hang,,,730401473,TRUE,TRUE,Email (Department)
360,9/1/21,13:01:00,13:10:00,0:09:00,working,work/study/hang,,,730401800,TRUE,TRUE,Friend
398,9/10/21,12:33:00,13:56:00,1:23:00,work,work/study/hang,Felipe,,730401800,TRUE,FALSE,
404,9/13/21,15:51:00,18:08:00,2:17:00,work,work/study/hang,Felipe,,730401800,TRUE,FALSE,
432,9/20/21,14:22:00,15:53:00,1:31:00,work,work/study/hang,,,730401800,TRUE,FALSE,
443,9/21/21,16:37:00,16:55:00,0:18:00,work,work/study/hang,,,730401800,TRUE,FALSE,
469,9/27/21,16:34:00,17:57:00,1:23:00,work,work/study/hang,,,730401800,TRUE,FALSE,
615,10/26/21,16:37:00,18:10:00,1:33:00,work,work/study/hang,,,730401800,TRUE,FALSE,
632,10/28/21,15:19:00,17:35:00,2:16:00,work,work/study/hang,,,730401800,TRUE,FALSE,
681,11/4/21,16:37:00,19:08:00,2:31:00,work,work/study/hang,,,730401800,TRUE,FALSE,
691,11/8/21,17:01:00,18:36:00,1:35:00,work,work/study/hang,,,730401800,TRUE,FALSE,
883,2/9/22,15:30:00,16:32:00,1:02:00,app work,project/workshop/staff,,,730404996,TRUE,TRUE,Email (Club)
911,2/16/22,14:56:00,15:10:00,0:14:00,study,work/study/hang,,,730404996,TRUE,FALSE,
922,2/18/22,12:11:00,15:30:00,3:19:00,study,work/study/hang,,,730404996,TRUE,FALSE,
1041,3/8/22,15:32:00,16:18:00,0:46:00,study,work/study/hang,,,730404996,TRUE,FALSE,
955,2/25/22,16:34:00,17:30:00,0:56:00,study,work/study/hang,,,730407637,TRUE,FALSE,
1133,4/6/22,17:52:00,18:04:00,0:12:00,Visiting,project/workshop/staff,,,730407637,TRUE,TRUE,Other
1135,4/8/22,13:11:00,14:30:00,1:19:00,visit lia,project/workshop/staff,,,730407637,TRUE,FALSE,
1167,4/22/22,12:02:00,16:17:00,4:15:00,lia,project/workshop/staff,,,730407637,TRUE,FALSE,
1142,4/11/22,14:55:00,17:52:00,2:57:00,app work,project/workshop/staff,,,730408186,TRUE,TRUE,App Lab Slack
1147,4/12/22,16:00:00,18:02:00,2:02:00,work,work/study/hang,Nate + Felipe,"help w build script - failing because of permission issues with files, likely something like this: https://stackoverflow.com/questions/48910876/error-eacces-permission-denied-access-usr-local-lib-node-modules",730408186,TRUE,TRUE,App Lab Slack
1151,4/18/22,14:08:00,17:48:00,3:40:00,work,work/study/hang,,,730408186,TRUE,FALSE,
1155,4/19/22,14:27:00,15:33:00,1:06:00,work,work/study/hang,,,730408186,TRUE,FALSE,
1160,4/20/22,16:56:00,18:01:00,1:05:00,WORK,work/study/hang,,,730408186,TRUE,FALSE,
1174,4/25/22,14:33:00,14:43:00,0:10:00,work,work/study/hang,,,730408186,TRUE,FALSE,
416,9/14/21,16:38:00,17:24:00,0:46:00,Java Crash Course,project/workshop/staff,Felipe,,730408864,TRUE,TRUE,Friend
803,1/24/22,13:29:00,14:50:00,1:21:00,lia,project/workshop/staff,,,730409430,TRUE,FALSE,
388,9/8/21,15:05:00,16:22:00,1:17:00,programming help,work/study/hang,,,730409430,TRUE,FALSE,
421,9/16/21,13:17:00,13:40:00,0:23:00,Lia,project/workshop/staff,,,730409430,TRUE,FALSE,
472,9/28/21,12:18:00,13:40:00,1:22:00,study,work/study/hang,,,730409430,TRUE,FALSE,
916,2/17/22,15:40:00,16:55:00,1:15:00,lia <3,project/workshop/staff,,,730409430,TRUE,FALSE,
374,9/7/21,12:23:00,13:31:00,1:08:00,exploring the lab's resources,tour,,,730409430,TRUE,TRUE,Friend
392,9/9/21,15:24:00,16:45:00,1:21:00,programming help,work/study/hang,,,730409430,TRUE,FALSE,
407,9/14/21,12:17:00,13:44:00,1:27:00,Lia,project/workshop/staff,,,730409430,TRUE,FALSE,
436,9/21/21,12:16:00,13:43:00,1:27:00,Lia,project/workshop/staff,,,730409430,TRUE,FALSE,
454,9/23/21,12:16:00,13:44:00,1:28:00,lia,project/workshop/staff,,,730409430,TRUE,FALSE,
479,9/28/21,15:28:00,16:52:00,1:24:00,working,work/study/hang,,,730409430,TRUE,FALSE,
487,9/30/21,12:19:00,14:00:00,1:41:00,work,work/study/hang,,,730409430,TRUE,FALSE,
500,10/5/21,12:13:00,13:41:00,1:28:00,work,work/study/hang,,,730409430,TRUE,FALSE,
511,10/7/21,12:09:00,13:46:00,1:37:00,Lia,project/workshop/staff,,,730409430,TRUE,FALSE,
532,10/14/21,12:15:00,13:01:00,0:46:00,study,work/study/hang,,,730409430,TRUE,FALSE,
582,10/18/21,14:22:00,17:14:00,2:52:00,work,work/study/hang,,,730409430,TRUE,FALSE,
590,10/19/21,12:16:00,13:46:00,1:30:00,work,work/study/hang,,,730409430,TRUE,FALSE,
611,10/26/21,12:21:00,13:46:00,1:25:00,lia,project/workshop/staff,,,730409430,TRUE,FALSE,
623,10/28/21,12:19:00,13:00:00,0:41:00,lia,project/workshop/staff,,,730409430,TRUE,FALSE,
642,10/29/21,17:20:00,18:38:00,1:18:00,Lia,project/workshop/staff,,,730409430,TRUE,FALSE,
649,11/2/21,15:26:00,18:15:00,2:49:00,work,work/study/hang,,,730409430,TRUE,FALSE,
670,11/4/21,11:55:00,13:47:00,1:52:00,Lia,project/workshop/staff,,,730409430,TRUE,FALSE,
675,11/4/21,15:24:00,17:15:00,1:51:00,Lia,project/workshop/staff,,,730409430,TRUE,FALSE,
694,11/9/21,12:22:00,13:45:00,1:23:00,work,work/study/hang,,,730409430,TRUE,FALSE,
699,11/11/21,12:16:00,13:12:00,0:56:00,lia,project/workshop/staff,,,730409430,TRUE,FALSE,
700,11/11/21,15:27:00,16:49:00,1:22:00,work,work/study/hang,,,730409430,TRUE,FALSE,
718,11/16/21,12:16:00,13:44:00,1:28:00,lia,project/workshop/staff,,,730409430,TRUE,FALSE,
731,11/18/21,12:14:00,13:44:00,1:30:00,Lia,project/workshop/staff,,,730409430,TRUE,FALSE,
734,11/18/21,15:57:00,16:01:00,0:04:00,work,work/study/hang,,,730409430,TRUE,FALSE,
753,11/30/21,13:45:00,15:40:00,1:55:00,lia,project/workshop/staff,,,730409430,TRUE,FALSE,
774,1/10/22,13:00:00,13:16:00,0:16:00,lia,project/workshop/staff,,,730409430,TRUE,FALSE,
785,1/12/22,14:49:00,15:30:00,0:41:00,lia,project/workshop/staff,,,730409430,TRUE,FALSE,
796,1/19/22,14:47:00,15:31:00,0:44:00,lia,project/workshop/staff,,,730409430,TRUE,FALSE,
863,2/7/22,16:36:00,16:57:00,0:21:00,lia,project/workshop/staff,,,730409430,TRUE,FALSE,
880,2/9/22,14:40:00,15:32:00,0:52:00,lia,project/workshop/staff,,,730409430,TRUE,FALSE,
897,2/15/22,15:24:00,17:01:00,1:37:00,daniel,project/workshop/staff,,,730409430,TRUE,FALSE,
933,2/21/22,16:29:00,16:56:00,0:27:00,appathon workshop,project/workshop/staff,,,730409430,TRUE,FALSE,
968,2/28/22,16:21:00,17:13:00,0:52:00,lia <3,project/workshop/staff,,,730409430,TRUE,FALSE,
1048,3/21/22,14:45:00,14:56:00,0:11:00,work,work/study/hang,,,730409430,TRUE,FALSE,
1051,3/21/22,16:37:00,17:29:00,0:52:00,work,work/study/hang,,,730409430,TRUE,FALSE,
1054,3/22/22,15:32:00,16:19:00,0:47:00,work,work/study/hang,,,730409430,TRUE,FALSE,
1066,3/29/22,13:07:00,13:46:00,0:39:00,nate ;3,project/workshop/staff,,,730409430,TRUE,FALSE,
1077,3/30/22,15:02:00,15:20:00,0:18:00,lia,project/workshop/staff,,,730409430,TRUE,FALSE,
1128,4/6/22,14:52:00,15:30:00,0:38:00,lia ;3,project/workshop/staff,,,730409430,TRUE,FALSE,
1158,4/20/22,14:27:00,15:23:00,0:56:00,lia ;3,project/workshop/staff,,,730409430,TRUE,FALSE,
1159,4/20/22,16:33:00,16:48:00,0:15:00,lia ;3,project/workshop/staff,,,730409430,TRUE,FALSE,
716,11/15/21,17:55:00,18:48:00,0:53:00,work,work/study/hang,,,730409430,TRUE,FALSE,
964,2/28/22,14:38:00,14:55:00,0:17:00,lia ;3,project/workshop/staff,,,730409430,TRUE,FALSE,
855,2/6/22,15:50:00,16:37:00,0:47:00,study,work/study/hang,,,730425358,TRUE,TRUE,WICS
816,1/26/22,13:22:00,13:26:00,0:04:00,work,work/study/hang,,,730426616,TRUE,TRUE,Flyer
1046,3/11/22,16:01:00,16:06:00,0:05:00,xamarin,project/workshop/staff,,,730426616,TRUE,FALSE,
1125,4/5/22,15:27:00,15:40:00,0:13:00,work,work/study/hang,,,730426616,TRUE,FALSE,
375,9/7/21,14:54:00,16:01:00,1:07:00,work,work/study/hang,,,730428472,TRUE,FALSE,
942,2/22/22,15:59:00,16:47:00,0:48:00,help,work/study/hang,,,730428472,TRUE,FALSE,
473,9/28/21,12:40:00,13:24:00,0:44:00,Meet with Nate re: the future,project/workshop/staff,Nate,"He has an idea for an app and is actively looking for people to do development work (i.e. react, nosql database, mobile development, etc) to try and make that a reality - I was going to try and make a react app wireframe for him to have some sort of starting point + also put his job posting into the slack for people to see + add his idea to the trello project board",730429902,TRUE,TRUE,Former student David Cabrilla and Proffessor Terrell
495,10/4/21,14:23:00,15:11:00,0:48:00,app work,project/workshop/staff,Nate,,730429902,TRUE,FALSE,
524,10/11/21,14:22:00,15:14:00,0:52:00,app advice,project/workshop/staff,Nate,Worked on app together,730429902,TRUE,FALSE,
656,11/3/21,14:16:00,14:56:00,0:40:00,app work,project/workshop/staff,,,730429902,TRUE,FALSE,
1143,4/11/22,15:47:00,17:52:00,2:05:00,metaverse religion and cultural studies,work/study/hang,,,730430014,FALSE,FALSE,
805,1/24/22,14:27:00,18:44:00,4:17:00,study,work/study/hang,,,730430014,TRUE,TRUE,Friend
827,1/28/22,15:31:00,17:11:00,1:40:00,felipe,project/workshop/staff,,,730430014,TRUE,TRUE,Friend
901,2/15/22,15:37:00,12:01:00,20:24:00,study metaverse,work/study/hang,,,730430014,TRUE,FALSE,
974,3/1/22,15:50:00,16:50:00,1:00:00,metaverse studies,work/study/hang,,,730430014,TRUE,FALSE,
1117,4/4/22,12:14:00,17:53:00,5:39:00,meta stock depreciating,work/study/hang,,,730430014,TRUE,FALSE,
684,11/5/21,14:03:00,16:51:00,2:48:00,check applab out,tour,Nate,onboarded to sample vu project,730434672,TRUE,TRUE,Friend
368,9/2/21,15:26:00,15:26:00,0:00:00,Just to check it out,tour,,,730434985,TRUE,TRUE,E-mail
737,11/18/21,16:08:00,18:26:00,2:18:00,Workshop,project/workshop/staff,,,730434985,TRUE,FALSE,
819,1/26/22,14:51:00,17:51:00,3:00:00,study,work/study/hang,,,730435095,TRUE,TRUE,Friend
932,2/21/22,16:14:00,17:00:00,0:46:00,work shop,project/workshop/staff,,,730435543,TRUE,TRUE,Email (Class)
923,2/18/22,12:11:00,15:31:00,3:20:00,study,work/study/hang,,,730436186,TRUE,TRUE,Friend
860,2/7/22,14:58:00,17:27:00,2:29:00,work,work/study/hang,,,730442455,FALSE,FALSE,
363,9/1/21,14:26:00,15:02:00,0:36:00,working,work/study/hang,,,730442455,TRUE,FALSE,
372,9/3/21,15:48:00,19:04:00,3:16:00,work,work/study/hang,,,730442455,TRUE,FALSE,
721,11/16/21,15:28:00,17:23:00,1:55:00,study,work/study/hang,,,730442455,TRUE,FALSE,
733,11/18/21,15:31:00,15:56:00,0:25:00,work,work/study/hang,,,730442455,TRUE,FALSE,
834,1/31/22,16:00:00,16:23:00,0:23:00,none,work/study/hang,,,730442455,TRUE,FALSE,
961,2/28/22,13:33:00,15:04:00,1:31:00,study,work/study/hang,,,730442455,TRUE,FALSE,
1120,4/4/22,12:56:00,13:56:00,1:00:00,Work,work/study/hang,,,730442455,TRUE,FALSE,Slack Channel
415,9/14/21,16:29:00,17:24:00,0:55:00,java crash course,project/workshop/staff,Felipe,,730442903,TRUE,TRUE,Word of Mouth
806,1/24/22,15:19:00,16:38:00,1:19:00,study,work/study/hang,,,730444862,TRUE,TRUE,Poster
919,2/18/22,12:23:00,12:36:00,0:13:00,study,work/study/hang,,,730444862,TRUE,FALSE,
435,9/20/21,16:56:00,18:24:00,1:28:00,Help with R,work/study/hang,Felipe,"Wanted help with creating a plot in R. I wasn't familiar with R, but I tried my best, we managed to get the data grouped, but I could not create a graph out of the data. 

W ran out of time, but she said she was going to show up tomorrow to get more assistance.",730445375,TRUE,TRUE,Friend
1037,3/8/22,15:25:00,16:19:00,0:54:00,firebase workshop,project/workshop/staff,,,730445375,TRUE,FALSE,
1115,3/31/22,16:14:00,16:41:00,0:27:00,app work,project/workshop/staff,,,730446567,TRUE,TRUE,Website
1043,3/9/22,13:40:00,15:03:00,1:23:00,First time discovery,project/workshop/staff,Nate,cloned the Check-In project and got him started w learning javascript,730461117,TRUE,TRUE,Poster
604,10/25/21,13:21:00,14:27:00,1:06:00,working,work/study/hang,,,730461439,TRUE,TRUE,Friend
1131,4/6/22,10:16:00,16:44:00,6:28:00,study,work/study/hang,,,730467944,TRUE,TRUE,Friend
869,2/8/22,15:24:00,18:06:00,2:42:00,Use Mac-mini,project/workshop/staff,,,730468404,TRUE,TRUE,Email (Club)
975,3/1/22,16:36:00,17:51:00,1:15:00,work,work/study/hang,,,730468404,TRUE,FALSE,
1019,3/3/22,15:24:00,16:54:00,1:30:00,app work,project/workshop/staff,,,730468404,TRUE,FALSE,
1078,3/30/22,16:42:00,17:48:00,1:06:00,app work,project/workshop/staff,,,730468404,TRUE,FALSE,
612,10/26/21,12:30:00,13:48:00,1:18:00,App team,club,,,730468950,TRUE,TRUE,Club Announcement
629,10/28/21,12:59:00,13:43:00,0:44:00,app work,project/workshop/staff,,,730468950,TRUE,FALSE,
957,2/26/22,16:02:00,19:07:00,3:05:00,working on a project,project/workshop/staff,,,730468950,TRUE,FALSE,
1022,3/6/22,15:01:00,19:18:00,4:17:00,working on app team project,project/workshop/staff,,,730468950,TRUE,FALSE,
1070,3/29/22,16:30:00,17:24:00,0:54:00,project,project/workshop/staff,,,730468950,TRUE,FALSE,
1116,3/31/22,16:30:00,17:58:00,1:28:00,work,work/study/hang,,,730468950,TRUE,FALSE,
1139,4/10/22,14:58:00,17:59:00,3:01:00,project,project/workshop/staff,,,730468950,TRUE,FALSE,
482,9/28/21,16:54:00,16:57:00,0:03:00,comp110,work/study/hang,,,730472595,TRUE,TRUE,Friend
485,9/29/21,16:15:00,16:34:00,0:19:00,comp110,work/study/hang,Daniel,Helped with a comp 110 python assignment,730472595,TRUE,FALSE,
503,10/5/21,16:17:00,16:58:00,0:41:00,comp110,work/study/hang,,,730472595,TRUE,TRUE,Friend
687,11/7/21,12:08:00,18:36:00,6:28:00,App Team Carolina,club,,,730472595,TRUE,FALSE,
701,11/11/21,16:01:00,16:57:00,0:56:00,Rest API Workshop,project/workshop/staff,,,730472595,TRUE,FALSE,
720,11/16/21,14:18:00,15:25:00,1:07:00,comp110,work/study/hang,,,730472595,TRUE,FALSE,
727,11/17/21,14:57:00,16:25:00,1:28:00,app work,project/workshop/staff,,,730472595,TRUE,FALSE,
732,11/18/21,12:33:00,13:37:00,1:04:00,work,work/study/hang,,,730472595,TRUE,FALSE,
736,11/18/21,16:08:00,17:34:00,1:26:00,work,work/study/hang,,,730472595,TRUE,FALSE,
750,11/29/21,16:07:00,17:56:00,1:49:00,be with friends,work/study/hang,,,730472595,TRUE,FALSE,
760,11/30/21,16:33:00,17:03:00,0:30:00,work,work/study/hang,,,730472595,TRUE,FALSE,
837,1/31/22,16:32:00,18:03:00,1:31:00,app team work,club,,,730472595,TRUE,FALSE,
830,1/31/22,13:31:00,15:52:00,2:21:00,app work,project/workshop/staff,,,730472595,TRUE,FALSE,
839,2/1/22,15:20:00,15:47:00,0:27:00,meet with beliz,club,,,730472595,TRUE,FALSE,
849,2/4/22,13:49:00,14:32:00,0:43:00,app work,project/workshop/staff,,,730472595,TRUE,FALSE,
856,2/7/22,13:18:00,13:21:00,0:03:00,call,work/study/hang,,,730472595,TRUE,FALSE,
865,2/8/22,12:16:00,13:21:00,1:05:00,app work,project/workshop/staff,,,730472595,TRUE,FALSE,
868,2/8/22,15:22:00,16:04:00,0:42:00,app work,project/workshop/staff,,,730472595,TRUE,FALSE,
893,2/15/22,13:01:00,13:37:00,0:36:00,283 studying,work/study/hang,,,730472595,TRUE,FALSE,
903,2/15/22,16:01:00,17:09:00,1:08:00,283 work,work/study/hang,,,730472595,TRUE,FALSE,
912,2/17/22,12:49:00,13:22:00,0:33:00,study,work/study/hang,,,730472595,TRUE,FALSE,
921,2/18/22,12:11:00,14:41:00,2:30:00,App stuff,project/workshop/staff,,,730472595,TRUE,FALSE,
920,2/18/22,13:15:00,14:17:00,1:02:00,app lab,work/study/hang,,,730472595,TRUE,FALSE,
795,1/18/22,12:15:00,14:00:00,1:45:00,Working on personal app + App-a-thon,project/workshop/staff,Nate,"Check in did not register, so I manually added him",730472595,FALSE,FALSE,
1122,4/4/22,14:31:00,17:53:00,3:22:00,homework,work/study/hang,,,730472938,TRUE,TRUE,Word of Mouth
1127,4/5/22,16:56:00,18:00:00,1:04:00,study,work/study/hang,,,730472938,TRUE,FALSE,
854,2/6/22,15:49:00,18:18:00,2:29:00,study,work/study/hang,,,730476619,TRUE,TRUE,Friend
960,2/28/22,13:23:00,16:54:00,3:31:00,meeting someone for app team,club,,,730477560,TRUE,FALSE,
944,2/23/22,13:48:00,16:52:00,3:04:00,study,work/study/hang,,,730478505,TRUE,FALSE,
1129,4/6/22,10:16:00,16:43:00,6:27:00,n/a,work/study/hang,,,730478505,TRUE,FALSE,
876,2/9/22,13:52:00,15:30:00,1:38:00,Workshop,project/workshop/staff,,,730480121,TRUE,TRUE,CS Newsletter
906,2/16/22,13:54:00,15:02:00,1:08:00,workshop,project/workshop/staff,,,730480121,TRUE,FALSE,
914,2/17/22,14:09:00,15:12:00,1:03:00,study,work/study/hang,,,730480121,TRUE,FALSE,
1040,3/8/22,15:30:00,16:18:00,0:48:00,workshop,project/workshop/staff,,,730480121,TRUE,FALSE,
453,9/23/21,12:13:00,12:15:00,0:02:00,Learn,project/workshop/staff,,,730480447,TRUE,FALSE,
790,1/13/22,12:53:00,12:59:00,0:06:00,Question,project/workshop/staff,,,730480447,TRUE,FALSE,
798,1/19/22,16:30:00,16:49:00,0:19:00,App questions,project/workshop/staff,,,730480447,TRUE,FALSE,
1020,3/3/22,16:25:00,16:54:00,0:29:00,work,work/study/hang,,,730480490,TRUE,FALSE,
778,1/11/22,12:34:00,12:38:00,0:04:00,questions,project/workshop/staff,,,730480991,TRUE,TRUE,Website
829,1/28/22,16:24:00,16:40:00,0:16:00,work,work/study/hang,She wanted to get to know more about the app lab and get involved with the check-in app,,730481343,TRUE,TRUE,Email (Club)
430,9/17/21,16:51:00,16:55:00,0:04:00,Visiting,project/workshop/staff,,,730481745,TRUE,TRUE,Friend
892,2/15/22,12:23:00,13:44:00,1:21:00,App-a-thon related query,project/workshop/staff,Nate,,730489843,TRUE,TRUE,Website
908,2/16/22,14:05:00,15:02:00,0:57:00,App Lab Workshop,project/workshop/staff,,,730489843,TRUE,FALSE,
782,1/11/22,16:41:00,17:40:00,0:59:00,study,work/study/hang,,,730507654,TRUE,FALSE,
853,2/6/22,15:18:00,16:37:00,1:19:00,study,work/study/hang,,,730507654,TRUE,FALSE,
900,2/15/22,15:36:00,12:00:00,20:24:00,"talk to lab manager, Felipe",project/workshop/staff,,,730507654,TRUE,FALSE,
941,2/22/22,15:28:00,16:55:00,1:27:00,study,work/study/hang,,,730507654,TRUE,FALSE,
1016,3/2/22,16:56:00,19:46:00,2:50:00,study,work/study/hang,,,730507654,TRUE,FALSE,
1073,3/29/22,17:08:00,18:03:00,0:55:00,study,work/study/hang,,,730507654,TRUE,FALSE,
1075,3/30/22,12:53:00,14:00:00,1:07:00,study,work/study/hang,,,730507654,TRUE,FALSE,
1119,4/4/22,12:39:00,17:53:00,5:14:00,working,work/study/hang,,,730507654,TRUE,FALSE,
417,9/14/21,16:47:00,17:24:00,0:37:00,study,work/study/hang,Felipe,,730510749,TRUE,TRUE,Word of Mouth
434,9/20/21,17:31:00,18:33:00,1:02:00,study,work/study/hang,,,730511931,TRUE,FALSE,
879,2/9/22,14:26:00,16:32:00,2:06:00,applab ui,project/workshop/staff,,,730512350,TRUE,FALSE,
943,2/23/22,13:34:00,15:30:00,1:56:00,work,work/study/hang,Lia,html + css web development learning,730512350,TRUE,FALSE,
946,2/24/22,13:12:00,13:47:00,0:35:00,work,work/study/hang,,,730512350,TRUE,FALSE,
1029,3/7/22,14:12:00,14:36:00,0:24:00,get help w html and css,project/workshop/staff,,,730512350,TRUE,FALSE,
585,10/18/21,16:44:00,18:55:00,2:11:00,work,work/study/hang,,,730515295,TRUE,TRUE,Poster
599,10/19/21,15:35:00,19:16:00,3:41:00,work,work/study/hang,,,730515295,TRUE,FALSE,
650,11/2/21,16:12:00,18:09:00,1:57:00,work,work/study/hang,,,730515295,TRUE,FALSE,
696,11/9/21,15:42:00,18:05:00,2:23:00,work,work/study/hang,,,730515295,TRUE,FALSE,
702,11/11/21,14:19:00,16:21:00,2:02:00,work,work/study/hang,,,730515295,TRUE,FALSE,
725,11/16/21,16:32:00,17:35:00,1:03:00,work,work/study/hang,,,730515295,TRUE,FALSE,
735,11/18/21,15:57:00,18:26:00,2:29:00,work,work/study/hang,,,730515295,TRUE,FALSE,
743,11/22/21,15:47:00,18:57:00,3:10:00,work,work/study/hang,,,730515295,TRUE,FALSE,
746,11/23/21,15:45:00,17:35:00,1:50:00,study,work/study/hang,,,730515295,TRUE,FALSE,
786,1/12/22,16:55:00,18:41:00,1:46:00,work,work/study/hang,,,730515295,TRUE,FALSE,
791,1/13/22,15:48:00,18:00:00,2:12:00,work,work/study/hang,,,730515295,TRUE,FALSE,
794,1/14/22,14:40:00,17:11:00,2:31:00,work,work/study/hang,,,730515295,TRUE,FALSE,
804,1/24/22,14:26:00,18:44:00,4:18:00,work,work/study/hang,,,730515295,TRUE,FALSE,
818,1/26/22,14:50:00,17:25:00,2:35:00,work,work/study/hang,,,730515295,TRUE,FALSE,
823,1/27/22,15:20:00,17:25:00,2:05:00,work,work/study/hang,,,730515295,TRUE,FALSE,
826,1/28/22,15:31:00,17:10:00,1:39:00,work,work/study/hang,,,730515295,TRUE,FALSE,
832,1/31/22,15:05:00,17:06:00,2:01:00,work,work/study/hang,,,730515295,TRUE,FALSE,
851,2/4/22,16:45:00,18:05:00,1:20:00,work,work/study/hang,,,730515295,TRUE,FALSE,
852,2/6/22,14:21:00,18:18:00,3:57:00,work,work/study/hang,,,730515295,TRUE,FALSE,
861,2/7/22,15:14:00,18:46:00,3:32:00,work,work/study/hang,,,730515295,TRUE,FALSE,
872,2/8/22,15:32:00,18:53:00,3:21:00,study,work/study/hang,,,730515295,TRUE,FALSE,
885,2/9/22,19:32:00,20:40:00,1:08:00,study,work/study/hang,,,730515295,TRUE,FALSE,
881,2/9/22,15:08:00,16:32:00,1:24:00,work,work/study/hang,,,730515295,TRUE,FALSE,
891,2/14/22,16:38:00,19:16:00,2:38:00,work,work/study/hang,,,730515295,TRUE,FALSE,
898,2/15/22,15:29:00,15:56:00,0:27:00,work,work/study/hang,,,730515295,TRUE,FALSE,
917,2/17/22,16:46:00,18:30:00,1:44:00,work,work/study/hang,,,730515295,TRUE,FALSE,
965,2/28/22,15:37:00,20:00:00,4:23:00,work,work/study/hang,,,730515295,TRUE,FALSE,
1050,3/21/22,15:49:00,17:56:00,2:07:00,work,work/study/hang,,,730515295,TRUE,FALSE,
1056,3/24/22,15:34:00,18:18:00,2:44:00,work,work/study/hang,,,730515295,TRUE,FALSE,
1062,3/28/22,15:43:00,17:53:00,2:10:00,work,work/study/hang,,,730515295,TRUE,FALSE,
1068,3/29/22,15:30:00,15:48:00,0:18:00,work,work/study/hang,,,730515295,TRUE,FALSE,
1076,3/30/22,14:44:00,16:58:00,2:14:00,work,work/study/hang,,,730515295,TRUE,FALSE,
1144,4/11/22,15:58:00,17:52:00,1:54:00,work,work/study/hang,,,730515295,TRUE,FALSE,
1153,4/18/22,16:03:00,17:51:00,1:48:00,work,work/study/hang,,,730515295,TRUE,FALSE,
1157,4/20/22,13:55:00,16:32:00,2:37:00,work,work/study/hang,,,730515295,TRUE,FALSE,
936,2/22/22,12:16:00,12:17:00,0:01:00,Check it out,tour,Nate,,730518284,TRUE,TRUE,Sign in CS Building
377,9/7/21,15:17:00,18:18:00,3:01:00,Work,work/study/hang,,,730520865,TRUE,FALSE,
393,9/9/21,15:33:00,17:39:00,2:06:00,work,work/study/hang,,,730520865,TRUE,FALSE,
425,9/16/21,15:03:00,18:47:00,3:44:00,work,work/study/hang,,,730520865,TRUE,FALSE,
470,9/27/21,17:40:00,19:05:00,1:25:00,work,work/study/hang,,,730520865,TRUE,FALSE,
490,9/30/21,15:34:00,19:07:00,3:33:00,work,work/study/hang,,,730520865,TRUE,FALSE,
509,10/6/21,17:40:00,19:00:00,1:20:00,work,work/study/hang,,,730520865,TRUE,FALSE,
518,10/7/21,15:52:00,19:00:00,3:08:00,work,work/study/hang,,,730520865,TRUE,FALSE,
568,10/14/21,15:29:00,17:00:00,1:31:00,work,work/study/hang,,,730520865,TRUE,FALSE,
587,10/18/21,17:40:00,18:37:00,0:57:00,work,work/study/hang,,,730520865,TRUE,FALSE,
622,10/27/21,18:01:00,21:08:00,3:07:00,wokr,work/study/hang,,,730520865,TRUE,FALSE,
633,10/28/21,16:04:00,17:50:00,1:46:00,work,work/study/hang,,,730520865,TRUE,FALSE,
667,11/3/21,18:01:00,18:30:00,0:29:00,work,work/study/hang,,,730520865,TRUE,FALSE,
680,11/4/21,16:33:00,18:30:00,1:57:00,work,work/study/hang,,,730520865,TRUE,FALSE,
705,11/11/21,16:55:00,19:28:00,2:33:00,work,work/study/hang,,,730520865,TRUE,FALSE,
715,11/15/21,17:39:00,18:25:00,0:46:00,work,work/study/hang,,,730520865,TRUE,FALSE,
789,1/12/22,17:19:00,19:19:00,2:00:00,work,work/study/hang,,,730520865,TRUE,FALSE,
1163,4/21/22,15:38:00,17:59:00,2:21:00,work,work/study/hang,,,730520865,TRUE,FALSE,
458,9/23/21,16:01:00,18:57:00,2:56:00,work,work/study/hang,,,730520865,TRUE,FALSE,
781,1/11/22,16:41:00,17:40:00,0:59:00,help,work/study/hang,,,730521799,TRUE,FALSE,
828,1/28/22,15:32:00,17:10:00,1:38:00,study,work/study/hang,,,730521799,FALSE,FALSE,
797,1/19/22,14:48:00,14:53:00,0:05:00,study,work/study/hang,,,730531291,TRUE,TRUE,Friend
592,10/19/21,13:58:00,15:06:00,1:08:00,Working,work/study/hang,Daniel,Just chatted,730531937,TRUE,TRUE,Friend
645,11/1/21,15:17:00,15:19:00,0:02:00,visiting felipe,project/workshop/staff,,,730531938,TRUE,TRUE,Instagram
405,9/13/21,17:00:00,17:00:00,0:00:00,work,work/study/hang,Felipe,,790930381,TRUE,FALSE,